first_name,last_name,login_id,user_id,integration_id,password,status
Tegan,Holden,tholden3,842329265,e0ad545085e849c7bd97bdacb92efaed,canvas-docker,active
Nafisa,Mellor,nmellor3,864686872,6cdf13fe8e464b81af670114689ea459,canvas-docker,active
Philip,Cox,pcox3,803883290,aa59b44e8a3340f3a2b2a6c8e7267344,canvas-docker,active
Shana,Rubio,srubio3,862573127,e1aa95faecd049dd998640b37561d222,canvas-docker,active
Katie,Rooney,krooney3,874760053,a14321511ea4401b896cf4cdeaee0f23,canvas-docker,active
Eliott,Robbins,erobbins3,853925723,93c128670d814421be10fa5958e445ed,canvas-docker,active
Romy,Bannister,rbannister3,801175746,78806420d4194d84903722cee738cc11,canvas-docker,active
Jodie,Doherty,jdoherty3,844085282,09af4aab842942cb912a8af9e0ed5461,canvas-docker,active
Elmer,Merrill,emerrill3,898940549,482b73f4be184b54b1a1599ce3a08574,canvas-docker,active
Jimmy,Sheppard,jsheppard3,895333366,d1a821aea2ae4a7389f6e5ae26d8b2c4,canvas-docker,active
Samina,Hail,shail3,847073575,e9c4c310f3564df992c7a2ef4d7df838,canvas-docker,active
Alexandru,Cummings,acummings3,860061066,848b8d2d08e346f1a41707ebcae9a003,canvas-docker,active
Aaminah,Greer,agreer3,804152882,119ad050a3234a64a65b9659d4fdd407,canvas-docker,active
Rubi,Cohen,rcohen3,851999318,84da82b293454fae87f25e11c87bfef7,canvas-docker,active
Anais,Stuart,astuart3,873768956,0cdc76c5e3954c7d9e53008f5ff5b73d,canvas-docker,active
Lynden,Cardenas,lcardenas3,849464193,a2562e3908b645dc868d43d117929db8,canvas-docker,active
Eadie,Kidd,ekidd3,847641596,50c186f9db234c99b78fe9adfd0f4360,canvas-docker,active
Kendra,Carter,kcarter3,892552950,93bab09901174b9e850e4ae29c1276a1,canvas-docker,active
Melina,Whitehouse,mwhitehouse3,895815872,c015af9dda584139938a5ee83d4b0a96,canvas-docker,active
Melanie,Green,mgreen3,872933827,46a5fd9d1a634d1eb13fbdbecc594f85,canvas-docker,active
Oskar,Greenaway,ogreenaway3,895919509,4d22aa585f1d419caff50e7f0d97d3a9,canvas-docker,active
Kaidan,Shields,kshields3,828609764,90ebe616c340480a9a4f29f5c4c47e32,canvas-docker,active
Corrie,Legge,clegge3,853682849,3da7b2a0c0e84b39ba031f40d656e901,canvas-docker,active
Cienna,Rivera,crivera3,815670792,e2c412290f3b4e1182112ef27898f270,canvas-docker,active
Christos,Mackenzie,cmackenzie3,834275566,d30069cec3e54b908efdebc807577c83,canvas-docker,active
Mohammod,Hodgson,mhodgson3,888814558,d3a0d670ba304c74972530f81050a079,canvas-docker,active
Taryn,Truong,ttruong3,889137431,1ef8c384be69409098dcd8578f3590c9,canvas-docker,active
Ralph,Pritchard,rpritchard3,847239115,4d70b09ddc2f45109442db2e45173952,canvas-docker,active
Andrei,Evans,aevans3,809486738,8ffb17c49b2e46bf806c13a1d238de0e,canvas-docker,active
Dario,Perez,dperez3,884366615,8201b295e9094af8960f336393c6482e,canvas-docker,active
Clarke,Hall,chall3,856150586,2a2ccd073fa9447782a9c791d3cb3977,canvas-docker,active
Hal,Byers,hbyers3,892276987,5af6a12e2ca24cedac9fa2fd2e97d3b5,canvas-docker,active
Kamran,Henderson,khenderson3,832262053,31a3c8786d354953bb700b35c79ccb19,canvas-docker,active
Korey,Heaton,kheaton3,884213853,3f616c88329c475bacaa312920369243,canvas-docker,active
Odin,Rahman,orahman3,814927727,60f4f6a7a2914b88859ce5a16e3587bb,canvas-docker,active
Alison,Gibbs,agibbs3,817471850,7a37c4c46d964ed1a869edde8b8e0395,canvas-docker,active
Haidar,Costa,hcosta3,867752215,4b387310857241f0a0ffa3452e3b782e,canvas-docker,active
Rick,Dean,rdean3,891328493,9678b1a525124208a214a5ae2ca389aa,canvas-docker,active
Karol,Schmidt,kschmidt3,854181360,832f2151d2394cc19bb562af1a1b6542,canvas-docker,active
Fearne,Quinn,fquinn3,848534538,db1a0294ef58418e9b7a481f54a9d7d2,canvas-docker,active
Alena,Wilder,awilder3,881863005,e20dbfdecb944d6499e39533d3b5a8fa,canvas-docker,active
Joanna,Leonard,jleonard3,818960340,3ee44547666a4836a98bad647877be5c,canvas-docker,active
Walid,Philip,wphilip3,860131320,18a9c981414b45749013b317cda004f1,canvas-docker,active
Kadeem,Irving,kirving3,818087430,5a4a25f496b64c2c83a834aeb123c391,canvas-docker,active
Lily-Ann,Camacho,lcamacho3,898829603,da0c0d996e8546fea5627c2cc863af40,canvas-docker,active
August,Brennan,abrennan3,805566611,c9bb98406b73441fb2d7d99b01519f26,canvas-docker,active
Brenden,Mclaughlin,bmclaughlin3,838030462,2cfb4f8725ed4a9dbde6b7a1dfd8e2e1,canvas-docker,active
Victor,Hendricks,vhendricks3,874586898,5b7db34efc96417eb958805e27f8439f,canvas-docker,active
Saad,Espinoza,sespinoza3,828939647,8ddeffd598c947748c01df007a3cc8a0,canvas-docker,active
Sanaa,Walls,swalls3,896865189,82f38f8ad35a4a00818dccf75ad092de,canvas-docker,active
Naseem,Smyth,nsmyth3,813744339,6f6ea319a65b42dfb5629376cf789b46,canvas-docker,active
Chante,Osborne,cosborne3,852368195,b1563e31b8b64555b19d84d1278076e2,canvas-docker,active
Roy,Lamb,rlamb3,846034112,9944a12c0c5a4e0e9759c4d17aba2162,canvas-docker,active
Elle-May,Forrest,eforrest3,836941336,0a567c1f069f40dcbce5f17bc7c32b35,canvas-docker,active
Kacper,Chang,kchang3,863362983,db4539b0a36042b1baf5bf2f8555d5d0,canvas-docker,active
Donte,Singh,dsingh3,855955492,b7c495b5b3ac4c0d9fb2da510c2b1e46,canvas-docker,active
Hassan,Hamilton,hhamilton3,835072682,47dfc6bfb3744fd8896dd8297449f7b9,canvas-docker,active
Isis,Fischer,ifischer3,884781753,8f0a9fb0fc1b49bfb2eaab7df71336e4,canvas-docker,active
Lili,Casey,lcasey3,876021464,c74a7ea1d6454c9581666d98ac89ca72,canvas-docker,active
Blanche,Devlin,bdevlin3,844888572,27719270e0d94449ae6de033a5103b22,canvas-docker,active
Rohit,Vincent,rvincent3,831394929,c2cf31dc59c2410f87f517dd50af12ee,canvas-docker,active
Lenny,Mccormick,lmccormick3,829276661,50a7037a424749079fe897bfa49259c0,canvas-docker,active
Saima,Lord,slord3,810128876,9e31c6b5adb14ff9a749443af62af409,canvas-docker,active
Nojus,Mullen,nmullen3,890114584,a0c0d61d95294878a4e93ba8a10f87fb,canvas-docker,active
Molly,Krause,mkrause3,837854126,80d2a557c2f6476598aa42b02faf751c,canvas-docker,active
Cillian,Whitmore,cwhitmore3,848368475,447bfb2417b94ab385db701220182af6,canvas-docker,active
Hajrah,Drummond,hdrummond3,800689949,f4de2b94376c48b098c3c211d5588d90,canvas-docker,active
Eden,Rawlings,erawlings3,810057895,ef12bcaa92224e919fb251691042e7ee,canvas-docker,active
Buddy,Woods,bwoods3,885877135,25a8e15c62594e7a8378df12c3691af6,canvas-docker,active
Abul,Miller,amiller3,832287154,25df9bec74c1495f85387f3f350d35b2,canvas-docker,active
Kaydon,Hanna,khanna3,872702408,19f871d098de477bb67f029dddc7f13d,canvas-docker,active
Jena,Lutz,jlutz3,843855313,8e47aeeb295a484c8872e80e3f8b671e,canvas-docker,active
Kane,Whitehead,kwhitehead3,815720095,454e6b01c80e45f3893063a427be38f1,canvas-docker,active
Ella-Mai,Mcmanus,emcmanus3,888004388,89347dfb8da54aceae895fc2f5b71b31,canvas-docker,active
Samual,Brett,sbrett3,850705340,130184a218ab40b89c684efac685bb6d,canvas-docker,active
Neal,Briggs,nbriggs3,862473867,c2fc3082d7ae4ba2b45cd2ddda25797c,canvas-docker,active
John-Paul,Whitaker,jwhitaker3,841076402,5af417e8f54f463fb41e68907bb3dcb9,canvas-docker,active
Maegan,Haney,mhaney3,820101720,ebe04d46ccf54f76bb7e40ff2a3f9354,canvas-docker,active
Celine,Leach,cleach3,880027131,47718abe2f5f464182940c129273338f,canvas-docker,active
Angus,Gilmore,agilmore3,848782346,802cb603e6f04e868376553e296db6c4,canvas-docker,active
Ruth,Hinton,rhinton3,875773342,0f227785973c4b01b3e00f97c30a2ffa,canvas-docker,active
Ayva,Irvine,airvine3,889499619,bf4fe74b25c04e118dad6f67cd315e6c,canvas-docker,active
Jayden,Thatcher,jthatcher3,813303357,f93450e7fe8740b7a377b339994c5ea5,canvas-docker,active
Melinda,Hastings,mhastings3,861353426,483fc5dc10e646ad83372eaf8a489db0,canvas-docker,active
Naima,Cabrera,ncabrera3,830454418,ed3232241a664624b4803d498ec81d9e,canvas-docker,active
Cassie,Sheldon,csheldon3,858948468,5ea53cdd9a794c4b8b90777a2f640ef7,canvas-docker,active
Mccauley,Escobar,mescobar3,897744552,f6f4c968303344e1a0c10cad7e4a615e,canvas-docker,active
Mae,Knox,mknox3,832013926,caaa5dfe2487472eabe71f68bf080ad5,canvas-docker,active
Maureen,Marquez,mmarquez3,826321803,b5d6846159b244e88b8f8136d576ddb0,canvas-docker,active
Lidia,Sandoval,lsandoval3,847530123,1a5088863e854d07b4314b175a19dcd2,canvas-docker,active
Paulina,Ayala,payala3,850032580,5f17b7e1320a42b19e405640d9f9cacc,canvas-docker,active
Sacha,Cochran,scochran3,826491150,d665ae7194e64eb3aea7492016426159,canvas-docker,active
Tre,Snyder,tsnyder3,873591393,f14e73bed99646f9b3896ef196d7ef25,canvas-docker,active
Matthias,Stephens,mstephens3,801603605,f7c9b968fc4d44f191fba1e91c1efb56,canvas-docker,active
Mathias,Gale,mgale3,835803870,ceadddc7389b4cd693d09d728daadfc1,canvas-docker,active
Sophie,Odonnell,sodonnell3,880985336,b97d591bf7c14779b2262f7ca0b5214c,canvas-docker,active
Shakir,Gonzales,sgonzales3,877065438,9fb8132000fc4c7e97a9cb4903fdfe27,canvas-docker,active
Cloe,Davey,cdavey3,855807115,cd4216c59db64b188c48bd41d6d76e4e,canvas-docker,active
Tyler-James,Bishop,tbishop3,804120236,628fe447be354c6b975898c18bd9c1a7,canvas-docker,active
Jakob,Naylor,jnaylor3,858385966,59a6f4ce73e746f780853c2573fe8db8,canvas-docker,active
Eshal,Howe,ehowe3,891341183,1b59e2074fb94c42abdbd8ee778cc8bd,canvas-docker,active
Juliette,Frederick,jfrederick3,838416473,32e7faa7b7b74fcb84d6c47e8208f7f0,canvas-docker,active
Rhea,Lowe,rlowe3,830507009,35b5a06cc20b4604ac2f1e78633f0027,canvas-docker,active
Cordelia,Gilmour,cgilmour3,872355975,4c2631643ad142f9bfe2ee9a9ff9ffc3,canvas-docker,active
Rajveer,Devlin,rdevlin3,864689767,dbbb9f1462f9421ca87db76fb0340a88,canvas-docker,active
Ivor,Fenton,ifenton3,886572276,93a69897910b4b3ab133e484a7edb829,canvas-docker,active
Tabatha,Walters,twalters3,801261147,ddc5c38501ec41e280df3ab9dcde7646,canvas-docker,active
Dollie,Tanner,dtanner3,801878127,1395e7f692634ef0bcb8860474aad2ad,canvas-docker,active
Bethanie,Velazquez,bvelazquez3,826590146,5684ac5d22694d6989466a72172050c5,canvas-docker,active
Perry,Wilks,pwilks3,849732592,727de0e14e284dada1027367c3938092,canvas-docker,active
Huda,Crosby,hcrosby3,876756281,b32b8ba747654be0a41dd46191c75a64,canvas-docker,active
Emilija,Eastwood,eeastwood3,869897362,c7dae5ea477944c8a397ec89e3a85deb,canvas-docker,active
Fannie,Haas,fhaas3,834971236,a79b39c698c54f0695441b3f2e80499a,canvas-docker,active
Connagh,Andrews,candrews3,883416435,51bb3cd1333b4966980081260946a481,canvas-docker,active
Chantelle,Leblanc,cleblanc3,883541818,2430d5a67c494d94896019f288cd6a7d,canvas-docker,active
Annabella,Hyde,ahyde3,817869222,3fec31f89863404db7e15d17876c13f4,canvas-docker,active
Ava-Rose,Hensley,ahensley3,892002335,1094e29b810e4918a216faa054a41b18,canvas-docker,active
Delia,Lacey,dlacey3,811686438,e3ad821c1ec74bfd9a159d1be158f814,canvas-docker,active
Nelson,Beach,nbeach3,893118619,e73c45988b1e462c90940493787106ce,canvas-docker,active
Maddox,Devine,mdevine3,811363820,1353d3ec1dd44c0887cf03d72bedf63a,canvas-docker,active
Bea,Kennedy,bkennedy3,892230379,52bd45d0ecf247ab902dfdd81972dc75,canvas-docker,active
Catriona,Galindo,cgalindo3,888352123,e4b573d15a154e4281ca92cb0a284772,canvas-docker,active
Rosemary,Hill,rhill3,898638880,a11b012e181e4046a38e7ff99ce58fa3,canvas-docker,active
Buster,Rocha,brocha3,848325971,32b42fbdb9554fc189c6e64131ffa195,canvas-docker,active
Nadine,Nicholls,nnicholls3,826877377,ef11a64b614f40aaab3ed4df6eddf4fa,canvas-docker,active
Dianne,Chester,dchester3,884789334,2ab31bb7d96746639aaac174c70e234a,canvas-docker,active
Bruce,Holding,bholding3,896167348,402c8e55f39a41a08ab32cab374972be,canvas-docker,active
Ellen,Russell,erussell3,879695599,8c11179aeff04a28bd64acfd03152a66,canvas-docker,active
Gracie-Mae,Calhoun,gcalhoun3,875347880,74db4fc7a97c4b0d9c6a8f0b8b4d1ab0,canvas-docker,active
Kim,Woolley,kwoolley3,805966763,90981e297b1d4fa38ec9706166723b60,canvas-docker,active
Sameer,Alexander,salexander3,813145794,59583348a1d844d9ac0d4b0a129e722a,canvas-docker,active
Freddie,Swift,fswift3,848494813,9a2ab96042904ca6a9141c6e1917ecd4,canvas-docker,active
Neriah,Weeks,nweeks3,830178858,5bcbc9842d0a4343a0e6a49d13d2f5e5,canvas-docker,active
Savannah,Barrow,sbarrow3,893556748,91e26408e16f4b6684ce5ec4aeee0b6d,canvas-docker,active
Yvie,Atkinson,yatkinson3,872709905,29e1f7f0a7b0444ba97d0f649f058591,canvas-docker,active
Alaw,Moon,amoon3,871211993,12319b5ef2a34db7bea8b73288fb93db,canvas-docker,active
Reuben,Aldred,raldred3,868831417,78411db693a34fca8d0969dd3b80ee49,canvas-docker,active
Ayra,Mcclure,amcclure3,862558421,44a49c36c353411f9c8645f92bb44183,canvas-docker,active
Louisa,Owens,lowens3,819337081,596a5026e5544492827a67dc3b6c1269,canvas-docker,active
Ashton,Philip,aphilip3,830993849,2f9fcd3797754f579eeba0005036431b,canvas-docker,active
Kady,Connor,kconnor3,805985451,ebf275884f904a63bbc4e1c19e7d3b10,canvas-docker,active
Cali,Lozano,clozano3,844783256,46d9e77d635749b1b392db4a211b71ab,canvas-docker,active
Zaina,Price,zprice3,813261305,993c9c1f8c6043238fe1606b216e5412,canvas-docker,active
Clark,Schaefer,cschaefer3,824272159,906655ffbf454fc094a5e154a29e6dbe,canvas-docker,active
Mylie,Oakley,moakley3,810923033,b7ddad161b5e4b108555d0e1c6d7ffb2,canvas-docker,active
Tracey,O'Moore,tmoore3,895076838,275ae45be507416eb84836c79349ffcd,canvas-docker,active
Gerald,Sweet,gsweet3,832500104,caba3bdd1d034c88b37edd1426770a58,canvas-docker,active
Sasha,Beil,sbeil3,839086910,005fd0d86a7d40ad9a33c2165cd2c978,canvas-docker,active
Fenton,Kaiser,fkaiser3,869702534,e3114c1fed87484c83db136236d2e84b,canvas-docker,active
Keanu,Norris,knorris3,823732562,eab490c4023c4f56b3fb482b51e9b68a,canvas-docker,active
Anya,Jacobs,ajacobs3,876762185,f973fe91d7f6407d8a332d1218291b6c,canvas-docker,active
Riaz,Mosley,rmosley3,875762126,5943c44d6a2442d281f8541d7ec91564,canvas-docker,active
Lorelei,Chambers,lchambers3,884039473,84343e242e7a48a9bdbf80d83f10e59e,canvas-docker,active
Liya,Reyes,lreyes3,860089591,fd617c6407a840259cb5e4edfbddc2bb,canvas-docker,active
Mila,Curran,mcurran3,860016029,6a2d2eeeae154d368c61eba1d8d80f2d,canvas-docker,active
Johnathan,Craig,jcraig3,807067633,45bb9ddd40e64ae4ba4b219d4bad10bf,canvas-docker,active
Garfield,Johnston,gjohnston3,822151402,7a71c34739104bcd8ba07feb48a18513,canvas-docker,active
Matilda,Haigh,mhaigh3,804091278,b070862f270847b4ac61fd83647ba7e2,canvas-docker,active
Mikey,Davila,mdavila3,878903601,fd6a90664e2049438db7fa794a836be4,canvas-docker,active
Kiara,Nunez,knunez3,897296729,3f5e7edb7d1c4bff8309be341c69eef8,canvas-docker,active
Cristian,Whittaker,cwhittaker3,881255943,b80c48843a834e3e908582208bee321e,canvas-docker,active
Gregg,Humphries,ghumphries3,897136853,1fad0289898f453f97f4fe54d1fd1155,canvas-docker,active
Aman,Franks,afranks3,867903363,405b281e25114c58bd34c67cb335b66e,canvas-docker,active
Aiza,Maldonado,amaldonado3,802862961,9bbb7ed8c12241e79b79ba47d019a13d,canvas-docker,active
Janelle,Clegg,jclegg3,801662227,f8a8fdfd0caa4cd38183f5234d85cc77,canvas-docker,active
Kristopher,Head,khead3,898437720,9f48cd71407a43bcbb0f81fbba15b1ae,canvas-docker,active
Inigo,Morris,imorris3,813149919,2ad8dc54708d4241bd9dc5b08a875a34,canvas-docker,active
Debbie,Schroeder,dschroeder3,828483628,debf0419f8d74b3ea6966a40cdc3671a,canvas-docker,active
Owais,Farrington,ofarrington3,844720931,6f1531ffcde045f6a06d67b4d8aa9bc8,canvas-docker,active
Isabella,Mcclain,imcclain3,816356273,997b5fe4a0124b8392add8be4b2c4e07,canvas-docker,active
Mateusz,Shannon,mshannon3,863373897,524e2843be1741078d8dbe1d01f90e28,canvas-docker,active
Poppie,Wharton,pwharton3,856769838,b3f63094768443068f425f9c6809d9bc,canvas-docker,active
Pippa,Wilkins,pwilkins3,847318341,eec0a59142084a2ca9d648c1008f02f1,canvas-docker,active
Calista,Murray,cmurray3,815328296,0e90259568e64448960b532a8b819e0d,canvas-docker,active
Jayden-Lee,Daly,jdaly3,834019139,efae7a3535c5413896ee653831374a9e,canvas-docker,active
Husnain,Hamilton,hhamilton5,811594656,c9c31bbe350f45a2af26cf3da70fb8f7,canvas-docker,active
Devin,Rodriquez,drodriquez3,898037448,d64570d2ccda42098ed523d104e48b61,canvas-docker,active
Emmanuel,Bannister,ebannister3,885630292,e791c7f4704e4228b86b6604750ad074,canvas-docker,active
Tom,Wynn,twynn3,838308708,2957ee20ba004f639bbc97840fab045a,canvas-docker,active
Zohaib,Frost,zfrost3,886374733,73bea5d2b21c490d8faca2c6a4e4e5bf,canvas-docker,active
Eboni,Contreras,econtreras3,832362372,88250a818c3c4efa8326880fcf876814,canvas-docker,active
Tyra,Lane,tlane3,873630520,1a4f229778ed451a8efb3dfbeccfb185,canvas-docker,active
Elif,Steadman,esteadman3,848606751,bc9218ff733a4c62acebee3f6eaf3594,canvas-docker,active
Sheena,Ramsey,sramsey3,865410033,f3b50aa9bf4c4a8ab650e93507339209,canvas-docker,active
Cameron,Rosa,crosa3,871926716,6aa3934a68ef4968893849c2224a9b1b,canvas-docker,active
Susannah,Iles,siles3,840576020,fdb2bd68bb1048cb82c2ae757fc7dcd2,canvas-docker,active
Murphy,Kelley,mkelley3,833927659,4ebc4983c32e449698dd7659f995b971,canvas-docker,active
Saqib,Landry,slandry3,895632695,86b30bfcdd3145d3a6ea87dd1b942e3e,canvas-docker,active
Keisha,Ashton,kashton3,820924909,1c803a09e1bb4c688cae3a9325f385fa,canvas-docker,active
Aariz,Thorne,athorne3,813170684,3c88dd98d68a49b8b88b4de9e1f7c6a1,canvas-docker,active
Chaim,Arellano,carellano3,831804493,e2acf6d81ba046539600564207e045f7,canvas-docker,active
Adem,Bateman,abateman3,802960233,38bf6646d2824826a7fdda92d05b5a08,canvas-docker,active
Shayla,Murillo,smurillo3,814898008,883e61c51b104d2e9f02143cb1429448,canvas-docker,active
Chanel,Stephens,cstephens3,877192294,4a074848f7f7468b9ea1bb04df043617,canvas-docker,active
Bibi,Barr,bbarr3,839970457,f517923d112a44fe9e3417dd4a84b44e,canvas-docker,active
Ada,Coleman,acoleman3,806995033,1072be50167a46348c7b3183fd989eca,canvas-docker,active
Reanna,Fischer,rfischer3,807470419,60227f3e710242ea81bc7172f1e8c4e3,canvas-docker,active
Giorgia,Kidd,gkidd3,805077687,b9e2320447894c189aa7eed30218ea51,canvas-docker,active
Regina,Rees,rrees3,874468857,d95904abde884a2ea3040da125fe7f78,canvas-docker,active
Sahara,Mcneil,smcneil3,864744478,22920c79774d48a791bb273d31d6ede5,canvas-docker,active
